,cp,imea,matlab,mitk,nist,pyr,radj,wc,altname
0,-1.0,-1.0,-1.0,-1.0,-1.0,-1.0,-1.0,-1.0,!image=banner_texture.png
1,-1.0,-1.0,-1.0,-1.0,-1.0,-1.0,-1.0,-1.0,!text=$\blacktriangledown$GLCM
2,0.3913,-1.0,-1.0,-1.0,-1.0,-1.0,-1.0,-1.0,ASM 0
3,0.4237,-1.0,-1.0,-1.0,-1.0,-1.0,-1.0,-1.0,ASM 45
4,0.5176,-1.0,-1.0,-1.0,-1.0,-1.0,-1.0,-1.0,ASM 90
5,0.3238,-1.0,-1.0,-1.0,-1.0,-1.0,-1.0,-1.0,ASM 135
6,-1.0,-1.0,-1.0,0.9312,-1.0,0.991,-0.0456,0.9948,E|ASM
7,-1.0,-1.0,-1.0,0.0868,-1.0,0.9995,0.1111,-1.0,E|AC
8,-1.0,-1.0,-1.0,0.8666,-1.0,0.9692,-0.0908,-1.0,E|CP
9,-1.0,-1.0,-1.0,0.873,-1.0,0.9629,0.1128,-1.0,E|CS
10,-1.0,-1.0,-1.0,0.8423,-1.0,0.998,-0.1167,-1.0,E|CT
11,0.8843,-1.0,-1.0,-1.0,-1.0,-1.0,-1.0,-1.0,CON 0
12,-1.0,-1.0,0.0,-1.0,-1.0,-1.0,-1.0,-1.0,CON 0/matl
13,0.6758,-1.0,-1.0,-1.0,-1.0,-1.0,-1.0,-1.0,CON 45
14,-1.0,-1.0,0.0,-1.0,-1.0,-1.0,-1.0,-1.0,CON 45/matl
15,0.3659,-1.0,-1.0,-1.0,-1.0,-1.0,-1.0,-1.0,CON 90
16,-1.0,-1.0,0.0,-1.0,-1.0,-1.0,-1.0,-1.0,CON 90/matl
17,0.7619,-1.0,-1.0,-1.0,-1.0,-1.0,-1.0,-1.0,CON 135
18,-1.0,-1.0,0.0,-1.0,-1.0,-1.0,-1.0,-1.0,CON 135/matl
19,-1.0,-1.0,-1.0,0.4761,0.6181,0.829,-0.0727,0.2162,E|CON
20,0.0715,-1.0,-1.0,-1.0,-1.0,-1.0,-1.0,-1.0,COR 0
21,-1.0,-1.0,0.0,-1.0,-1.0,-1.0,-1.0,-1.0,COR 0/matl
22,0.5295,-1.0,-1.0,-1.0,-1.0,-1.0,-1.0,-1.0,COR 45
23,-1.0,-1.0,0.0,-1.0,-1.0,-1.0,-1.0,-1.0,COR 45/matl
24,0.5797,-1.0,-1.0,-1.0,-1.0,-1.0,-1.0,-1.0,COR 90
25,-1.0,-1.0,0.0,-1.0,-1.0,-1.0,-1.0,-1.0,COR 90/matl
26,0.4814,-1.0,-1.0,-1.0,-1.0,-1.0,-1.0,-1.0,COR 135
27,-1.0,-1.0,0.0,-1.0,-1.0,-1.0,-1.0,-1.0,COR 135/matl
28,-1.0,-1.0,-1.0,0.9535,0.9066,0.9537,0.0773,0.3743,E|COR
29,-1.0,-1.0,-1.0,-0.3346,-0.3367,0.1175,-0.2257,-1.0,E|DA
30,0.4505,-1.0,-1.0,-1.0,-1.0,-1.0,-1.0,-1.0,DE 0
31,0.4263,-1.0,-1.0,-1.0,-1.0,-1.0,-1.0,-1.0,DE 45
32,0.3438,-1.0,-1.0,-1.0,-1.0,-1.0,-1.0,-1.0,DE 90
33,0.4174,-1.0,-1.0,-1.0,-1.0,-1.0,-1.0,-1.0,DE 135
34,-1.0,-1.0,-1.0,0.7183,0.5369,0.8753,-0.2316,0.877,E|DE
35,-0.2203,-1.0,-1.0,-1.0,-1.0,-1.0,-1.0,-1.0,DV 0
36,-0.1697,-1.0,-1.0,-1.0,-1.0,-1.0,-1.0,-1.0,DV 45
37,-0.2039,-1.0,-1.0,-1.0,-1.0,-1.0,-1.0,-1.0,DV 90
38,-0.1898,-1.0,-1.0,-1.0,-1.0,-1.0,-1.0,-1.0,DV 135
39,-1.0,-1.0,-1.0,-0.1056,-0.1539,0.0318,-0.1223,-0.2231,E|DV
40,-1.0,-1.0,-1.0,-0.4444,-1.0,-1.0,-0.2005,-1.0,E|DIS
41,-1.0,-1.0,0.0,-1.0,-1.0,-1.0,-1.0,-1.0,E 0/matl
42,-1.0,-1.0,0.0,-1.0,-1.0,-1.0,-1.0,-1.0,E 45/matl
43,-1.0,-1.0,0.0,-1.0,-1.0,-1.0,-1.0,-1.0,E 90/matl
44,-1.0,-1.0,0.0,-1.0,-1.0,-1.0,-1.0,-1.0,E 135/matl
45,-1.0,-1.0,-1.0,-1.0,0.2946,-1.0,-1.0,-1.0,E|E
46,-0.0548,-1.0,-1.0,-1.0,-1.0,-1.0,-1.0,-1.0,ENT 0
47,-0.0749,-1.0,-1.0,-1.0,-1.0,-1.0,-1.0,-1.0,ENT 45
48,-0.0519,-1.0,-1.0,-1.0,-1.0,-1.0,-1.0,-1.0,ENT 90
49,-0.0691,-1.0,-1.0,-1.0,-1.0,-1.0,-1.0,-0.0353,ENT 135
50,-1.0,-1.0,-1.0,-1.0,-0.1544,-1.0,-1.0,-1.0,E|ENT
51,-1.0,-1.0,0.0,-1.0,-1.0,-1.0,-1.0,-1.0,H1 0/matl
52,-1.0,-1.0,0.0,-1.0,-1.0,-1.0,-1.0,-1.0,H1 45/matl
53,-1.0,-1.0,0.0,-1.0,-1.0,-1.0,-1.0,-1.0,H1 90/matl
54,-1.0,-1.0,0.0,-1.0,-1.0,-1.0,-1.0,-1.0,H1 135/matl
55,-1.0,-1.0,-1.0,-1.0,-0.4762,-1.0,-1.0,-1.0,E|H1
56,-1.0,-1.0,-1.0,0.0429,-1.0,0.4875,-0.2025,-1.0,E|ID
57,-1.0,-1.0,-1.0,0.8207,-1.0,0.9295,0.0041,-1.0,E|IDN
58,0.2309,-1.0,-1.0,-1.0,-1.0,-1.0,-1.0,-1.0,IDM 0
59,0.5211,-1.0,-1.0,-1.0,-1.0,-1.0,-1.0,-1.0,IDM 45
60,0.4384,-1.0,-1.0,-1.0,-1.0,-1.0,-1.0,-1.0,IDM 90
61,-0.0255,-1.0,-1.0,-1.0,-1.0,-1.0,-1.0,-1.0,IDM 135
62,-1.0,-1.0,-1.0,0.3751,-0.4307,0.6645,-0.1817,-0.4955,E|IDM
63,-1.0,-1.0,-1.0,0.4228,-1.0,0.9412,0.0051,-1.0,IDMN
64,0.2863,-1.0,-1.0,-1.0,-1.0,-1.0,-1.0,-1.0,IM1 0
65,0.3288,-1.0,-1.0,-1.0,-1.0,-1.0,-1.0,-1.0,IM1 45
66,0.3514,-1.0,-1.0,-1.0,-1.0,-1.0,-1.0,-1.0,IM1 90
67,0.2977,-1.0,-1.0,-1.0,-1.0,-1.0,-1.0,-1.0,IM1 135
68,-1.0,-1.0,-1.0,0.6524,-1.0,0.9994,0.0056,-0.1956,E|IM1
69,0.0127,-1.0,-1.0,-1.0,-1.0,-1.0,-1.0,-1.0,IM2 0
70,0.0209,-1.0,-1.0,-1.0,-1.0,-1.0,-1.0,-1.0,IM2 45
71,0.016,-1.0,-1.0,-1.0,-1.0,-1.0,-1.0,-1.0,IM2 90
72,0.0388,-1.0,-1.0,-1.0,-1.0,-1.0,-1.0,-1.0,IM2 135
73,-1.0,-1.0,-1.0,0.0,-1.0,1.0,0.0247,-0.3231,E|IM2
74,-1.0,-1.0,-1.0,-0.0512,-1.0,0.4756,0.1248,-1.0,E|IV
75,-1.0,-1.0,-1.0,0.016,-1.0,0.9998,0.0751,-1.0,E|JA
76,-1.0,-1.0,-1.0,0.9989,-1.0,0.9999,-0.0266,-1.0,E|JE
77,-1.0,-1.0,-1.0,0.9682,-1.0,0.9933,-0.0651,-1.0,E|JM
78,-1.0,-1.0,-1.0,0.5847,-1.0,-1.0,-0.0394,-1.0,E|JV
79,0.4481,-1.0,-1.0,-1.0,-1.0,-1.0,-1.0,-1.0,SUMA 0
80,0.4236,-1.0,-1.0,-1.0,-1.0,-1.0,-1.0,-1.0,SUMA 45
81,0.4353,-1.0,-1.0,-1.0,-1.0,-1.0,-1.0,-1.0,SUMA 90
82,0.4504,-1.0,-1.0,-1.0,-1.0,-1.0,-1.0,-1.0,SUMA 135
83,-1.0,-1.0,-1.0,-0.1736,0.7109,0.9731,0.0436,-0.3441,E|SUMA
84,0.3644,-1.0,-1.0,-1.0,-1.0,-1.0,-1.0,-1.0,SUME 0
85,0.434,-1.0,-1.0,-1.0,-1.0,-1.0,-1.0,-1.0,SUME 45
86,0.3829,-1.0,-1.0,-1.0,-1.0,-1.0,-1.0,-1.0,SUME 90
87,0.4295,-1.0,-1.0,-1.0,-1.0,-1.0,-1.0,-1.0,SUME 135
88,-1.0,-1.0,-1.0,0.9586,0.5877,0.9826,-0.0546,0.5214,E|SUME 
89,0.6113,-1.0,-1.0,-1.0,-1.0,-1.0,-1.0,-1.0,SUMV 0
90,0.8097,-1.0,-1.0,-1.0,-1.0,-1.0,-1.0,-1.0,SUMV 45
91,0.8454,-1.0,-1.0,-1.0,-1.0,-1.0,-1.0,-1.0,SUMV 90
92,0.7027,-1.0,-1.0,-1.0,-1.0,-1.0,-1.0,-1.0,SUMV 135
93,-1.0,-1.0,-1.0,0.8423,0.8697,-1.0,-0.1167,0.4411,E|SUMV
94,0.787,-1.0,-1.0,-1.0,-1.0,-1.0,-1.0,-1.0,VAR 0
95,0.7808,-1.0,-1.0,-1.0,-1.0,-1.0,-1.0,-1.0,VAR 45
96,0.7974,-1.0,-1.0,-1.0,-1.0,-1.0,-1.0,-1.0,VAR 90
97,0.7893,-1.0,-1.0,-1.0,-1.0,-1.0,-1.0,-1.0,VAR 135
98,-1.0,-1.0,-1.0,-1.0,0.793,0.9888,-1.0,0.453,E|VAR
99,-1.0,-1.0,-1.0,-1.0,-1.0,-1.0,-1.0,-1.0,!text=$\blacktriangledown$GLRLM
100,-1.0,-1.0,-1.0,0.6293,-1.0,0.9882,-0.1858,-1.0,SRE
101,-1.0,-1.0,-1.0,0.9838,-1.0,0.9976,-0.0417,-1.0,LRE
102,-1.0,-1.0,-1.0,0.5585,-1.0,0.9996,0.0195,-1.0,GLNU
103,-1.0,-1.0,-1.0,0.9001,-1.0,0.9998,-0.1543,-1.0,GLNUN
104,-1.0,-1.0,-1.0,0.9988,-1.0,1.0,0.0415,-1.0,RLNU
105,-1.0,-1.0,-1.0,0.7781,-1.0,0.9853,-0.2038,-1.0,RLNUN
106,-1.0,-1.0,-1.0,0.8575,-1.0,0.9949,-0.0971,-1.0,RP
107,-1.0,-1.0,-1.0,0.7686,-1.0,0.9976,-0.0834,-1.0,GLV
108,-1.0,-1.0,-1.0,0.9905,-1.0,0.9987,-0.0179,-1.0,RV
109,-1.0,-1.0,-1.0,0.9253,-1.0,0.9998,-0.0643,-1.0,RE
110,-1.0,-1.0,-1.0,-0.1138,-1.0,0.9837,-0.0682,-1.0,LGLRE
111,-1.0,-1.0,-1.0,0.0389,-1.0,0.9999,0.1629,-1.0,HGLRE
112,-1.0,-1.0,-1.0,-0.1119,-1.0,0.995,-0.0779,-1.0,SRLGLE
113,-1.0,-1.0,-1.0,0.0152,-1.0,0.9999,0.1803,-1.0,SRHGLE
114,-1.0,-1.0,-1.0,-0.1199,-1.0,0.8596,-0.038,-1.0,LRLGLE
115,-1.0,-1.0,-1.0,0.4605,-1.0,0.9985,-0.0368,-1.0,LRHGLE
116,-1.0,-1.0,-1.0,-1.0,-1.0,-1.0,-1.0,-1.0,!text=$\blacktriangledown$GLDZM
117,-1.0,-1.0,-1.0,0.3534,-1.0,-1.0,0.0264,-1.0,SDE
118,-1.0,-1.0,-1.0,0.5925,-1.0,-1.0,0.0939,-1.0,LDE
119,-1.0,-1.0,-1.0,-0.1074,-1.0,-1.0,-0.15,-1.0,LGLZE
120,-1.0,-1.0,-1.0,-0.0316,-1.0,-1.0,0.1759,-1.0,HGHZE
121,-1.0,-1.0,-1.0,0.0,-1.0,-1.0,-0.1408,-1.0,SDLGLE
122,-1.0,-1.0,-1.0,0.1534,-1.0,-1.0,0.4061,-1.0,SDHGLE
123,-1.0,-1.0,-1.0,-0.1282,-1.0,-1.0,-0.0539,-1.0,LDLGLE
124,-1.0,-1.0,-1.0,0.2505,-1.0,-1.0,0.0257,-1.0,LDHGLE
125,-1.0,-1.0,-1.0,0.6419,-1.0,-1.0,0.1285,-1.0,GLNU
126,-1.0,-1.0,-1.0,0.9566,-1.0,-1.0,-0.1711,-1.0,GLNUN
127,-1.0,-1.0,-1.0,0.8417,-1.0,-1.0,-0.072,-1.0,ZDNU
128,-1.0,-1.0,-1.0,0.4661,-1.0,-1.0,0.1002,-1.0,ZDNUN
129,-1.0,-1.0,-1.0,0.8179,-1.0,-1.0,-0.044,-1.0,ZP
130,-1.0,-1.0,-1.0,-0.0845,-1.0,-1.0,-1.0,-1.0,GLM
131,-1.0,-1.0,-1.0,0.6741,-1.0,-1.0,-0.0084,-1.0,GLV
132,-1.0,-1.0,-1.0,0.5385,-1.0,-1.0,-1.0,-1.0,ZDM
133,-1.0,-1.0,-1.0,0.6504,-1.0,-1.0,0.1683,-1.0,ZDV
134,-1.0,-1.0,-1.0,0.9925,-1.0,-1.0,0.0098,-1.0,ZDE
135,-1.0,-1.0,-1.0,-1.0,-1.0,-1.0,-1.0,-1.0,!text=$\blacktriangledown$GLSZM
136,-1.0,-1.0,-1.0,-1.0,-1.0,0.9897,-0.0521,-1.0,SAE
137,-1.0,-1.0,-1.0,-1.0,-1.0,0.9983,-0.0131,-1.0,LAE
138,-1.0,-1.0,-1.0,-1.0,-1.0,0.9995,0.1267,-1.0,GLNU
139,-1.0,-1.0,-1.0,-1.0,-1.0,0.9999,-0.1696,-1.0,GLNUN
140,-1.0,-1.0,-1.0,-1.0,-1.0,0.9996,0.0577,-1.0,SZNU
141,-1.0,-1.0,-1.0,-1.0,-1.0,0.9889,-0.0655,-1.0,SZNUN
142,-1.0,-1.0,-1.0,-1.0,-1.0,0.9891,-0.1152,-1.0,ZP
143,-1.0,-1.0,-1.0,-1.0,-1.0,0.9997,-0.0053,-1.0,GLV
144,-1.0,-1.0,-1.0,-1.0,-1.0,0.9993,-0.0094,-1.0,ZV
145,-1.0,-1.0,-1.0,-1.0,-1.0,0.9998,-0.0059,-1.0,ZE
146,-1.0,-1.0,-1.0,-1.0,-1.0,0.9954,-0.1481,-1.0,LGLZE
147,-1.0,-1.0,-1.0,-1.0,-1.0,0.9999,0.1777,-1.0,HGLZE
148,-1.0,-1.0,-1.0,-1.0,-1.0,0.9967,-0.1789,-1.0,SALGLE
149,-1.0,-1.0,-1.0,-1.0,-1.0,0.9999,0.1887,-1.0,SAHGLE
150,-1.0,-1.0,-1.0,-1.0,-1.0,0.5543,0.006,-1.0,LALGLE
151,-1.0,-1.0,-1.0,-1.0,-1.0,0.9987,-0.046,-1.0,LAHGLE
152,-1.0,-1.0,-1.0,-1.0,-1.0,-1.0,-1.0,-1.0,!text=$\blacktriangledown$GLDM
153,-1.0,-1.0,-1.0,-1.0,-1.0,0.9881,-1.0,-1.0,SDE
154,-1.0,-1.0,-1.0,-1.0,-1.0,0.9978,-1.0,-1.0,LDE
155,-1.0,-1.0,-1.0,-1.0,-1.0,0.9904,-1.0,-1.0,GLNU
156,-1.0,-1.0,-1.0,-1.0,-1.0,0.9995,-1.0,-1.0,DNU
157,-1.0,-1.0,-1.0,-1.0,-1.0,0.986,-1.0,-1.0,DNUN
158,-1.0,-1.0,-1.0,-1.0,-1.0,0.9944,-1.0,-1.0,GLV
159,-1.0,-1.0,-1.0,-1.0,-1.0,0.9982,-1.0,-1.0,DV
160,-1.0,-1.0,-1.0,-1.0,-1.0,0.9997,-1.0,-1.0,DE
161,-1.0,-1.0,-1.0,-1.0,-1.0,0.9559,-1.0,-1.0,LGLE
162,-1.0,-1.0,-1.0,-1.0,-1.0,0.9999,-1.0,-1.0,GHLE
163,-1.0,-1.0,-1.0,-1.0,-1.0,0.9998,-1.0,-1.0,SDLGLE
164,-1.0,-1.0,-1.0,-1.0,-1.0,0.9998,-1.0,-1.0,SDHGLE
165,-1.0,-1.0,-1.0,-1.0,-1.0,0.2423,-1.0,-1.0,LDLGLE
166,-1.0,-1.0,-1.0,-1.0,-1.0,0.9997,-1.0,-1.0,LDHGLE
167,-1.0,-1.0,-1.0,-1.0,-1.0,-1.0,-1.0,-1.0,!text=$\blacktriangledown$NGLDM
168,-1.0,-1.0,-1.0,-0.4704,-1.0,-1.0,0.1665,-1.0,LDE
169,-1.0,-1.0,-1.0,-0.0423,-1.0,-1.0,-0.1284,-1.0,HDE
170,-1.0,-1.0,-1.0,-0.2068,-1.0,-1.0,0.0746,-1.0,LGLCE
171,-1.0,-1.0,-1.0,0.5453,-1.0,-1.0,-0.0125,-1.0,HGLCE
172,-1.0,-1.0,-1.0,-0.0675,-1.0,-1.0,0.0586,-1.0,LDLGLE
173,-1.0,-1.0,-1.0,0.3703,-1.0,-1.0,0.0181,-1.0,LDHGLE
174,-1.0,-1.0,-1.0,0.127,-1.0,-1.0,0.0164,-1.0,HDLGLE
175,-1.0,-1.0,-1.0,0.9556,-1.0,-1.0,-0.0581,-1.0,HDHGLE
176,-1.0,-1.0,-1.0,0.3755,-1.0,-1.0,-0.0856,-1.0,GLNU
177,-1.0,-1.0,-1.0,-0.0914,-1.0,-1.0,0.1103,-1.0,GLNUN
178,-1.0,-1.0,-1.0,0.4705,-1.0,-1.0,-0.0858,-1.0,DCNU
179,-1.0,-1.0,-1.0,-0.0327,-1.0,-1.0,0.0871,-1.0,DCNUN
180,-1.0,-1.0,-1.0,0.0,-1.0,-1.0,-1.0,-1.0,DCP
181,-1.0,-1.0,-1.0,0.4887,-1.0,-1.0,-1.0,-1.0,GLM
182,-1.0,-1.0,-1.0,0.655,-1.0,-1.0,-0.014,-1.0,GLV
183,-1.0,-1.0,-1.0,0.064,-1.0,-1.0,-1.0,-1.0,DCM
184,-1.0,-1.0,-1.0,-0.0726,-1.0,-1.0,-0.0941,-1.0,DCV
185,-1.0,-1.0,-1.0,0.421,-1.0,-1.0,-0.0697,-1.0,DCENT
186,-1.0,-1.0,-1.0,0.1528,-1.0,-1.0,0.1802,-1.0,DCE
187,-1.0,-1.0,-1.0,-1.0,-1.0,-1.0,-1.0,-1.0,!text=$\blacktriangledown$NGTDM
188,-1.0,-1.0,-1.0,0.7386,-1.0,0.9901,0.0149,-1.0,COAR
189,-1.0,-1.0,-1.0,0.9605,-1.0,0.9988,-0.047,-1.0,CONTR
190,-1.0,-1.0,-1.0,0.8383,-1.0,0.9983,0.0984,-1.0,BUSYN
191,-1.0,-1.0,-1.0,0.7299,-1.0,0.901,-0.1046,-1.0,COMPL
192,-1.0,-1.0,-1.0,0.7725,-1.0,0.9951,0.1624,-1.0,STREN
193,-1.0,-1.0,-1.0,-1.0,-1.0,-1.0,-1.0,-1.0,!image=banner_intensity.png
194,-1.0,-1.0,-1.0,0.9987,-1.0,-1.0,0.0682,-1.0,CVAR
195,-1.0,-1.0,-1.0,0.8137,-1.0,-1.0,-1.0,-1.0,CIIR
196,0.426,-1.0,-1.0,-1.0,-1.0,-1.0,-1.0,-1.0,IIE
197,0.6893,-1.0,-1.0,-1.0,-1.0,-1.0,-1.0,-1.0,EImax
198,0.7712,-1.0,-1.0,-1.0,-1.0,-1.0,-1.0,-1.0,EImean
199,0.9185,-1.0,-1.0,-1.0,-1.0,-1.0,-1.0,-1.0,EImin
200,0.7393,-1.0,-1.0,-1.0,-1.0,-1.0,-1.0,-1.0,EIstd
201,-1.0,-1.0,-1.0,1.0,-1.0,1.0,0.0756,1.0,ENER
202,-1.0,-1.0,0.7918,0.7754,0.7572,0.5334,-1.0,0.4935,entro
203,-1.0,-1.0,-1.0,1.0,-1.0,-1.0,-1.0,-1.0,kurt
204,-1.0,-1.0,-1.0,-1.0,0.9996,-1.0,-1.0,-1.0,hflat
205,-1.0,-1.0,-1.0,-1.0,0.9997,-1.0,-1.0,-1.0,hskew
206,0.6565,-1.0,-1.0,-1.0,-1.0,-1.0,-1.0,-1.0,II
207,-1.0,-1.0,0.9994,0.9996,-1.0,0.9993,-0.0692,0.9995,IQR
208,-1.0,-1.0,0.9873,1.0,1.0,1.0,0.0914,1.0,kurt
209,-1.0,-1.0,0.999,1.0,-1.0,1.0,-0.0438,1.0,MAD
210,0.6259,-1.0,1.0,1.0,-1.0,1.0,0.0921,1.0,max
211,0.7347,-1.0,0.9998,1.0,1.0,1.0,0.1303,1.0,mean
212,0.7454,-1.0,0.9999,0.9959,1.0,1.0,0.1207,1.0,med
213,0.7744,-1.0,-1.0,0.9997,-1.0,-1.0,-0.0471,-1.0,med AD
214,0.7903,-1.0,0.9032,1.0,-1.0,1.0,0.2868,1.0,min
215,-1.0,-1.0,0.9173,0.8646,1.0,-1.0,-1.0,1.0,mode
216,-1.0,-1.0,0.8708,-1.0,-1.0,-1.0,-1.0,-1.0,p1
217,-1.0,-1.0,0.998,0.9998,-1.0,0.997,0.2228,0.9997,p10
218,0.6966,-1.0,0.9998,0.9998,-1.0,-1.0,-1.0,0.9998,p25
219,0.7479,-1.0,0.9999,1.0,-1.0,-1.0,-1.0,0.9999,p75
220,-1.0,-1.0,0.9999,1.0,-1.0,0.9996,0.0639,1.0,p90
221,-1.0,-1.0,0.9997,-1.0,-1.0,-1.0,-1.0,-1.0,p99
222,-1.0,-1.0,-1.0,0.9968,-1.0,-1.0,-0.1164,-1.0,QCoD
223,-1.0,-1.0,0.9904,1.0,-1.0,1.0,0.0835,1.0,range
224,-1.0,-1.0,-1.0,0.6375,-1.0,0.6629,-0.1007,0.6467,RMAD
225,-1.0,-1.0,-1.0,0.0,-1.0,-1.0,-1.0,-1.0,Rmean
226,-1.0,-1.0,-0.0,1.0,-1.0,1.0,0.1132,1.0,RMS
227,-1.0,-1.0,0.9985,-1.0,-1.0,-1.0,0.0706,-1.0,SE
228,-1.0,-1.0,0.9888,0.9999,1.0,1.0,0.1191,1.0,skew
229,0.7384,-1.0,0.9971,1.0,1.0,-1.0,-0.019,1.0,STD
230,-1.0,-1.0,-1.0,1.0,-1.0,-1.0,-1.0,-1.0,STDB
231,-1.0,-1.0,-1.0,-0.2594,-1.0,-0.3239,-1.0,-0.3484,uni
232,-1.0,-1.0,0.9946,1.0,-1.0,1.0,-0.0368,-1.0,var
233,-1.0,-1.0,-1.0,1.0,-1.0,-1.0,-1.0,-1.0,varB
234,-1.0,-1.0,-1.0,-1.0,-1.0,-1.0,-1.0,-1.0,!image=banner_shape.png
235,0.4735,1.0,1.0,-1.0,1.0,1.0,0.0436,1.0,area
236,-1.0,0.8282,1.0,-1.0,1.0,-1.0,-1.0,1.0,BB h
237,-1.0,0.9152,1.0,-1.0,1.0,-1.0,-1.0,1.0,BB w
238,-1.0,-1.0,1.0,-1.0,-1.0,-1.0,-1.0,1.0,BB x
239,-1.0,-1.0,1.0,-1.0,-1.0,-1.0,-1.0,1.0,BB y
240,0.8777,-1.0,1.0,-1.0,1.0,-1.0,-1.0,1.0,cx
241,0.9995,-1.0,1.0,-1.0,1.0,-1.0,-1.0,1.0,cy
242,0.4427,-1.0,-1.0,-1.0,0.8458,-1.0,0.0619,0.8368,circ/ff
243,0.1398,-1.0,-1.0,-1.0,-1.0,-1.0,-1.0,-1.0,comp
244,0.032,0.0934,0.0924,-1.0,-1.0,-1.0,-1.0,0.0958,CH area
245,-1.0,0.9841,-1.0,-1.0,-1.0,-1.0,-1.0,0.9841,D min encl cir
246,-1.0,0.4194,-1.0,-1.0,-1.0,-1.0,-1.0,0.423,D circum cir
247,-1.0,0.4299,-1.0,-1.0,-1.0,-1.0,-1.0,0.4339,D inscr cir
248,-1.0,0.9743,-1.0,-1.0,-1.0,-1.0,-1.0,-1.0,D equal area
249,-1.0,0.9952,-1.0,-1.0,-1.0,-1.0,-1.0,0.9959,D equal P
250,0.7789,-1.0,1.0,-1.0,0.9999,-1.0,-1.0,0.9277,eccentri
251,-1.0,-1.0,-1.0,-1.0,-1.0,0.9974,-1.0,-1.0,elong
252,0.4932,-1.0,0.9743,-1.0,-1.0,-1.0,-1.0,0.9743,equiv D
253,0.5646,-1.0,1.0,-1.0,-1.0,-1.0,-1.0,1.0,extent
254,-1.0,-1.0,-1.0,-1.0,-1.0,-1.0,-1.0,1.0,extr p8X
255,-1.0,-1.0,-1.0,-1.0,-1.0,-1.0,-1.0,1.0,extr p8Y
256,-1.0,-1.0,-1.0,-1.0,-1.0,-1.0,-1.0,-0.0003,polyg ave
257,-1.0,-1.0,-1.0,-1.0,-1.0,-1.0,-1.0,-0.1134,hexag ave
258,-1.0,-1.0,-1.0,-1.0,-1.0,-1.0,-1.0,0.0606,hexag std
259,0.0,-1.0,0.0,-1.0,-1.0,-1.0,-1.0,-0.7638,euler n
260,-1.0,0.919,-1.0,-1.0,-1.0,-1.0,-1.0,0.8123,geod len
261,-1.0,0.8919,-1.0,-1.0,-1.0,-1.0,-1.0,0.8457,geod thick
262,0.4965,1.0,1.0,-1.0,-1.0,1.0,-1.0,0.9989,maj AL
263,-0.2857,-1.0,-1.0,-1.0,-1.0,-1.0,-1.0,-1.0,max R
264,-0.3146,-1.0,-1.0,-1.0,-1.0,-1.0,-1.0,-1.0,med R
265,-0.2985,-1.0,-1.0,-1.0,-1.0,-1.0,-1.0,-1.0,mean R
266,0.59,1.0,1.0,-1.0,-1.0,1.0,-1.0,0.9971,minr AL
267,0.4143,-1.0,-1.0,-1.0,0.1989,-1.0,-1.0,-0.6007,orient
268,0.4448,0.9952,0.9958,-1.0,0.9951,-1.0,-0.0399,0.9959,P
269,0.2097,-1.0,0.1811,-1.0,-1.0,-1.0,-1.0,0.4139,solid
270,0.4535,0.9975,-1.0,-1.0,-1.0,-1.0,-1.0,0.0888,fer max
271,-1.0,0.9993,-1.0,-1.0,-1.0,-1.0,-1.0,0.8736,fer mean
272,-1.0,0.996,-1.0,-1.0,-1.0,-1.0,-1.0,0.9782,fer med
273,-1.0,0.997,-1.0,-1.0,-1.0,-1.0,-1.0,0.4383,fer std
274,-1.0,-1.0,-1.0,-1.0,-1.0,-1.0,0.0,0.0,fer min ang
275,0.5763,0.998,-1.0,-1.0,-1.0,-1.0,-1.0,0.7366,fer min
276,-1.0,-1.0,-1.0,-1.0,-1.0,-1.0,-1.0,-0.0437,mar max
277,-1.0,0.0881,-1.0,-1.0,-1.0,-1.0,-1.0,0.1249,mar mean
278,-1.0,0.8163,-1.0,-1.0,-1.0,-1.0,-1.0,0.8073,mar med
279,-1.0,0.0,-1.0,-1.0,-1.0,-1.0,-1.0,0.0,mar min
280,-1.0,-0.017,-1.0,-1.0,-1.0,-1.0,-1.0,-0.0145,mar mode
281,-1.0,0.1251,-1.0,-1.0,-1.0,-1.0,-1.0,0.0014,mar std
282,-1.0,0.0286,-1.0,-1.0,-1.0,-1.0,-1.0,-0.0412,nas max
283,-1.0,0.0595,-1.0,-1.0,-1.0,-1.0,-1.0,-0.1503,nas mean
284,-1.0,0.751,-1.0,-1.0,-1.0,-1.0,-1.0,0.7019,nas med
285,-1.0,0.0,-1.0,-1.0,-1.0,-1.0,-1.0,0.0,nas min
286,-1.0,-0.0429,-1.0,-1.0,-1.0,-1.0,-1.0,0.2283,nas mode
287,-1.0,-1.0,-1.0,-1.0,-1.0,-1.0,-1.0,-0.0223,nas std
288,-1.0,0.9682,-1.0,-1.0,-1.0,-1.0,-1.0,-0.0394,maxch
289,-1.0,0.9976,-1.0,-1.0,-1.0,-1.0,-1.0,0.9534,maxch mean
290,-1.0,0.9897,-1.0,-1.0,-1.0,-1.0,-1.0,0.839,maxch med
291,-1.0,-0.0577,-1.0,-1.0,-1.0,-1.0,-1.0,-0.1923,maxch min
292,-1.0,0.3893,-1.0,-1.0,-1.0,-1.0,-1.0,0.4033,maxch mode
293,-1.0,0.4819,-1.0,-1.0,-1.0,-1.0,-1.0,0.9615,maxch std
294,-1.0,0.9682,-1.0,-1.0,-1.0,-1.0,-1.0,0.794,alch max
295,-1.0,0.9944,-1.0,-1.0,-1.0,-1.0,-1.0,0.0,alch mean
296,-1.0,0.9723,-1.0,-1.0,-1.0,-1.0,-1.0,0.839,alch med
297,-1.0,0.0,-1.0,-1.0,-1.0,-1.0,-1.0,0.0,alch min
298,-1.0,0.4922,-1.0,-1.0,-1.0,-1.0,-1.0,-0.0682,alch mode
299,-1.0,0.983,-1.0,-1.0,-1.0,-1.0,-1.0,0.3929,alch std
300,-1.0,0.6942,-1.0,-1.0,-1.0,-1.0,-1.0,0.4672,E2V
301,-1.0,0.0,-1.0,-1.0,-1.0,-1.0,-1.0,0.0,E2VC
302,-1.0,0.2212,-1.0,-1.0,-1.0,-1.0,-1.0,0.4422,FD boxc
303,-1.0,0.194,-1.0,-1.0,-1.0,-1.0,-1.0,0.3436,FD P
304,-1.0,-1.0,-1.0,-1.0,-1.0,-1.0,-1.0,-1.0,!image=banner_misc.png
305,0.3343,-1.0,-1.0,-1.0,-1.0,-1.0,-1.0,-1.0,neig N
306,0.2829,-1.0,-1.0,-1.0,-1.0,-1.0,-1.0,-1.0,neig PCT
307,-0.0455,-1.0,-1.0,-1.0,-1.0,-1.0,-1.0,-1.0,neig dst 1
308,-0.2042,-1.0,-1.0,-1.0,-1.0,-1.0,-1.0,-1.0,neig dst 2
309,0.4307,-1.0,-1.0,-1.0,-1.0,-1.0,-1.0,-1.0,neig ang 2
310,0.2954,-1.0,-1.0,-1.0,-1.0,-1.0,-1.0,-1.0,frac@D 1
311,-0.2213,-1.0,-1.0,-1.0,-1.0,-1.0,-1.0,-1.0,frac@D 2
312,-0.0311,-1.0,-1.0,-1.0,-1.0,-1.0,-1.0,-1.0,frac@D 3
313,0.1679,-1.0,-1.0,-1.0,-1.0,-1.0,-1.0,-1.0,frac@D 4
314,0.0735,-1.0,-1.0,-1.0,-1.0,-1.0,-1.0,-1.0,Mfrac 1
315,-0.2983,-1.0,-1.0,-1.0,-1.0,-1.0,-1.0,-1.0,Mfrac 2
316,-0.1202,-1.0,-1.0,-1.0,-1.0,-1.0,-1.0,-1.0,Mfrac 3
317,-0.0837,-1.0,-1.0,-1.0,-1.0,-1.0,-1.0,-1.0,Mfrac 4
318,0.0177,-1.0,-1.0,-1.0,-1.0,-1.0,-1.0,-1.0,rad CV 1
319,-0.0901,-1.0,-1.0,-1.0,-1.0,-1.0,-1.0,-1.0,rad CV 2
320,-0.0529,-1.0,-1.0,-1.0,-1.0,-1.0,-1.0,-1.0,rad CV 3
321,-0.0186,-1.0,-1.0,-1.0,-1.0,-1.0,-1.0,-1.0,rad CV 4
322,0.0639,-1.0,-1.0,-1.0,-1.0,-1.0,-1.0,0.9627,ZI 00
323,0.2111,-1.0,-1.0,-1.0,-1.0,-1.0,-1.0,0.9662,ZI 01
324,-0.02,-1.0,-1.0,-1.0,-1.0,-1.0,-1.0,0.9829,ZI 02
325,0.0544,-1.0,-1.0,-1.0,-1.0,-1.0,-1.0,0.8748,ZI 03
326,-0.0014,-1.0,-1.0,-1.0,-1.0,-1.0,-1.0,0.748,ZI 04
327,0.1924,-1.0,-1.0,-1.0,-1.0,-1.0,-1.0,0.8615,ZI 05
328,-0.0515,-1.0,-1.0,-1.0,-1.0,-1.0,-1.0,0.9159,ZI 06
329,-0.1225,-1.0,-1.0,-1.0,-1.0,-1.0,-1.0,0.9243,ZI 07
330,0.2073,-1.0,-1.0,-1.0,-1.0,-1.0,-1.0,0.5992,ZI 08
331,-0.1766,-1.0,-1.0,-1.0,-1.0,-1.0,-1.0,0.8439,ZI 09
332,0.0431,-1.0,-1.0,-1.0,-1.0,-1.0,-1.0,0.6621,ZI 10
333,0.1525,-1.0,-1.0,-1.0,-1.0,-1.0,-1.0,0.6155,ZI 11
334,-0.0234,-1.0,-1.0,-1.0,-1.0,-1.0,-1.0,0.8894,ZI 12
335,-0.3233,-1.0,-1.0,-1.0,-1.0,-1.0,-1.0,0.9228,ZI 13
336,0.2675,-1.0,-1.0,-1.0,-1.0,-1.0,-1.0,0.8728,ZI 14
337,0.23,-1.0,-1.0,-1.0,-1.0,-1.0,-1.0,0.4203,ZI 15
338,0.1932,-1.0,-1.0,-1.0,-1.0,-1.0,-1.0,0.0756,ZI 16
339,0.0564,-1.0,-1.0,-1.0,-1.0,-1.0,-1.0,0.7054,ZI 17
340,-0.1394,-1.0,-1.0,-1.0,-1.0,-1.0,-1.0,0.6119,ZI 18
341,0.0561,-1.0,-1.0,-1.0,-1.0,-1.0,-1.0,0.7319,ZI 19
342,-0.3225,-1.0,-1.0,-1.0,-1.0,-1.0,-1.0,0.1965,ZI 20
343,-0.0858,-1.0,-1.0,-1.0,-1.0,-1.0,-1.0,0.8874,ZI 21
344,-0.1133,-1.0,-1.0,-1.0,-1.0,-1.0,-1.0,0.8274,ZI 22
345,0.3181,-1.0,-1.0,-1.0,-1.0,-1.0,-1.0,0.6319,ZI 23
346,0.3783,-1.0,-1.0,-1.0,-1.0,-1.0,-1.0,0.4841,ZI 24
347,-0.1091,-1.0,-1.0,-1.0,-1.0,-1.0,-1.0,0.1205,ZI 25
348,0.2051,-1.0,-1.0,-1.0,-1.0,-1.0,-1.0,0.6388,ZI 26
349,-0.0904,-1.0,-1.0,-1.0,-1.0,-1.0,-1.0,0.4327,ZI 27
350,0.245,-1.0,-1.0,-1.0,-1.0,-1.0,-1.0,0.5377,ZI 28
351,0.4465,-1.0,-1.0,-1.0,-1.0,-1.0,-1.0,0.7554,ZI 29
352,-1.0,-1.0,-1.0,-1.0,-1.0,-1.0,-1.0,-0.4807,Gab 1
353,-1.0,-1.0,-1.0,-1.0,-1.0,-1.0,-1.0,-0.4923,Gab 2
354,-1.0,-1.0,-1.0,-1.0,-1.0,-1.0,-1.0,-0.4211,Gab 3
355,-1.0,-1.0,-1.0,-1.0,-1.0,-1.0,-1.0,-0.6452,Gab 4
356,-1.0,-1.0,-1.0,-1.0,-1.0,-1.0,-1.0,-0.5915,Gab 5
357,-1.0,-1.0,-1.0,-1.0,-1.0,-1.0,-1.0,-0.5827,Gab 6
358,-1.0,-1.0,-1.0,-1.0,-1.0,-1.0,-1.0,-0.5835,Gab 7
359,0.4735,-1.0,-1.0,-1.0,-1.0,-1.0,-1.0,-1.0,2D rm00
360,0.4216,-1.0,-1.0,-1.0,-1.0,-1.0,-1.0,-1.0,2D rm01
361,0.3491,-1.0,-1.0,-1.0,-1.0,-1.0,-1.0,-1.0,2D rm02
362,0.2912,-1.0,-1.0,-1.0,-1.0,-1.0,-1.0,-1.0,2D rm03
363,0.3393,-1.0,-1.0,-1.0,-1.0,-1.0,-1.0,-1.0,2D rm10
364,0.334,-1.0,-1.0,-1.0,-1.0,-1.0,-1.0,-1.0,2D rm11
365,0.2777,-1.0,-1.0,-1.0,-1.0,-1.0,-1.0,-1.0,2D rm12
366,0.2299,-1.0,-1.0,-1.0,-1.0,-1.0,-1.0,-1.0,2D rm13
367,0.1931,-1.0,-1.0,-1.0,-1.0,-1.0,-1.0,-1.0,2D rm20
368,0.1947,-1.0,-1.0,-1.0,-1.0,-1.0,-1.0,-1.0,2D rm21
369,0.1629,-1.0,-1.0,-1.0,-1.0,-1.0,-1.0,-1.0,2D rm22
370,0.1349,-1.0,-1.0,-1.0,-1.0,-1.0,-1.0,-1.0,2D rm23
371,0.4735,-1.0,-1.0,-1.0,-1.0,-1.0,-1.0,-1.0,2D cm00
372,0.197,-1.0,-1.0,-1.0,-1.0,-1.0,-1.0,-1.0,2D cm01
373,0.3385,-1.0,-1.0,-1.0,-1.0,-1.0,-1.0,-1.0,2D cm02
374,0.2,-1.0,-1.0,-1.0,-1.0,-1.0,-1.0,-1.0,2D cm03
375,0.0986,-1.0,-1.0,-1.0,-1.0,-1.0,-1.0,-1.0,2D cm10
376,0.8534,-1.0,-1.0,-1.0,-1.0,-1.0,-1.0,-1.0,2D cm11
377,0.3622,-1.0,-1.0,-1.0,-1.0,-1.0,-1.0,-1.0,2D cm12
378,0.4912,-1.0,-1.0,-1.0,-1.0,-1.0,-1.0,-1.0,2D cm13
379,0.1674,-1.0,-1.0,-1.0,-1.0,-1.0,-1.0,-1.0,2D cm20
380,0.2032,-1.0,-1.0,-1.0,-1.0,-1.0,-1.0,-1.0,2D cm21
381,0.1237,-1.0,-1.0,-1.0,-1.0,-1.0,-1.0,-1.0,2D cm22
382,0.0665,-1.0,-1.0,-1.0,-1.0,-1.0,-1.0,-1.0,2D cm23
383,0.0,-1.0,-1.0,-1.0,-1.0,-1.0,-1.0,-1.0,2D nrm00
384,0.0,-1.0,-1.0,-1.0,-1.0,-1.0,-1.0,-1.0,2D nrm01
385,0.1655,-1.0,-1.0,-1.0,-1.0,-1.0,-1.0,-1.0,2D nrm02
386,-0.2987,-1.0,-1.0,-1.0,-1.0,-1.0,-1.0,-1.0,2D nrm03
387,0.0,-1.0,-1.0,-1.0,-1.0,-1.0,-1.0,-1.0,2D nrm10
388,0.253,-1.0,-1.0,-1.0,-1.0,-1.0,-1.0,-1.0,2D nrm11
389,0.1849,-1.0,-1.0,-1.0,-1.0,-1.0,-1.0,-1.0,2D nrm12
390,-0.2926,-1.0,-1.0,-1.0,-1.0,-1.0,-1.0,-1.0,2D nrm13
391,-0.1348,-1.0,-1.0,-1.0,-1.0,-1.0,-1.0,-1.0,2D nrm20
392,-0.0184,-1.0,-1.0,-1.0,-1.0,-1.0,-1.0,-1.0,2D nrm21
393,0.1685,-1.0,-1.0,-1.0,-1.0,-1.0,-1.0,-1.0,2D nrm22
394,-0.0095,-1.0,-1.0,-1.0,-1.0,-1.0,-1.0,-1.0,2D nrm23
395,0.1582,-1.0,-1.0,-1.0,-1.0,-1.0,-1.0,-1.0,2D nrm30
396,-0.201,-1.0,-1.0,-1.0,-1.0,-1.0,-1.0,-1.0,2D nrm31
397,-0.0432,-1.0,-1.0,-1.0,-1.0,-1.0,-1.0,-1.0,2D nrm32
398,-0.2665,-1.0,-1.0,-1.0,-1.0,-1.0,-1.0,-1.0,2D nrm33
399,0.8892,-1.0,-1.0,-1.0,-1.0,-1.0,-1.0,-1.0,Hu 1
400,0.9155,-1.0,-1.0,-1.0,-1.0,-1.0,-1.0,-1.0,Hu 2
401,0.964,-1.0,-1.0,-1.0,-1.0,-1.0,-1.0,-1.0,Hu 3
402,0.9955,-1.0,-1.0,-1.0,-1.0,-1.0,-1.0,-1.0,Hu 4
403,0.9685,-1.0,-1.0,-1.0,-1.0,-1.0,-1.0,-1.0,Hu 5
404,-0.0551,-1.0,-1.0,-1.0,-1.0,-1.0,-1.0,-1.0,Hu 6
405,-0.9996,-1.0,-1.0,-1.0,-1.0,-1.0,-1.0,-1.0,Hu 7
